{"cameraMode":{"drawMode":0,"name":"Shaded","section":"Shading Mode"},"sceneLighting":true,"audioPlay":false,"sceneViewState":{"showFog":true,"showMaterialUpdate":false,"showSkybox":true,"showFlares":true,"showImageEffects":true,"showParticleSystems":true},"in2DMode":false,"pivot":{"x":0.9869260191917419,"y":6.05809211730957,"z":37.20508575439453},"rotation":{"x":0.05006906017661095,"y":-0.00809371005743742,"z":-0.0004089708090759814,"w":-0.9987417459487915},"size":29.851333618164064,"orthographic":false}