{"cameraMode":{"drawMode":0,"name":"Shaded","section":"Shading Mode"},"sceneLighting":true,"audioPlay":false,"sceneViewState":{"showFog":true,"showMaterialUpdate":false,"showSkybox":true,"showFlares":true,"showImageEffects":true,"showParticleSystems":true},"in2DMode":false,"pivot":{"x":7.777319431304932,"y":2.0586071014404299,"z":-3.717283248901367},"rotation":{"x":-0.00008663441258249804,"y":0.9973870515823364,"z":-0.07224654406309128,"w":-0.0011959116673097015},"size":10.198872566223145,"orthographic":false}